school_name,school_rank,school_address
七台河职业学院,1252,黑龙江省
三峡大学,130,湖北省
三峡大学科技学院,1480,湖北省
三明医学科技职业学院,1002,福建省
三明学院,266,福建省
三江学院,1374,江苏省
三门峡社会管理职业学院,469,河南省
三门峡职业技术学院,1596,河南省
上海东海职业技术学院,878,上海市
上海中侨职业技术大学,924,上海市
上海中医药大学,1452,上海市
上海中华职业技术学院,1525,上海市
上海交通大学,4,上海市
上海交通职业技术学院,1603,上海市
上海体育大学,442,上海市
上海健康医学院,1617,上海市
上海公安学院,403,上海市
上海兴伟学院,1386,上海市
上海农林职业技术学院,1580,上海市
上海出版印刷高等专科学校,1484,上海市
上海南湖职业技术学院,1090,上海市
上海商学院,1529,上海市
上海城建职业学院,724,上海市
上海外国语大学,1543,上海市
上海外国语大学贤达经济人文学院,870,上海市
上海大学,43,上海市
上海对外经贸大学,501,上海市
上海工会管理职业学院,701,上海市
上海工商外国语职业学院,408,上海市
上海工商职业技术学院,1467,上海市
上海工程技术大学,164,上海市
上海工艺美术职业学院,1707,上海市
上海师范大学,86,上海市
上海师范大学天华学院,556,上海市
上海应用技术大学,180,上海市
上海建桥学院,1765,上海市
上海建设管理职业技术学院,632,上海市
上海思博职业技术学院,641,上海市
上海戏剧学院,1622,上海市
上海政法学院,511,上海市
上海旅游高等专科学校,1009,上海市
上海杉达学院,599,上海市
上海欧华职业技术学院,994,上海市
上海民航职业技术学院,793,上海市
上海民远职业技术学院,1497,上海市
上海济光职业技术学院,1410,上海市
上海浦东职业技术学院,778,上海市
上海海事大学,127,上海市
上海海事职业技术学院,671,上海市
上海海关学院,192,上海市
上海海洋大学,105,上海市
上海现代化工职业学院,1724,上海市
上海理工大学,77,上海市
上海电力大学,142,上海市
上海电子信息职业技术学院,1437,上海市
上海电影艺术职业学院,1665,上海市
上海电机学院,236,上海市
上海科创职业技术学院,1290,上海市
上海科学技术职业学院,417,上海市
上海科技大学,30,上海市
上海立信会计金融学院,1063,上海市
上海立达学院,940,上海市
上海第二工业大学,234,上海市
上海纽约大学,530,上海市
上海行健职业学院,466,上海市
上海视觉艺术学院,1798,上海市
上海财经大学,618,上海市
上海财经大学浙江学院,1120,浙江省
上海邦德职业技术学院,636,上海市
上海闵行职业技术学院,705,上海市
上海震旦职业学院,1397,上海市
上海音乐学院,1356,上海市
上饶卫生健康职业学院,714,江西省
上饶师范学院,299,江西省
上饶幼儿师范高等专科学校,1512,江西省
上饶职业技术学院,1390,江西省
东北农业大学,88,黑龙江省
东北大学,28,辽宁省
东北师范大学,34,吉林省
东北林业大学,83,黑龙江省
东北电力大学,183,吉林省
东北石油大学,160,黑龙江省
东北财经大学,587,辽宁省
东华大学,56,上海市
东华理工大学,173,江西省
东南大学,11,江苏省
东南大学成贤学院,491,江苏省
东营科技职业学院,1651,山东省
东营职业学院,952,山东省
中北大学,133,山西省
中华女子学院,1697,北京市
中南民族大学,1466,湖北省
中南财经政法大学,860,湖北省
中原工学院,206,河南省
中原科技学院,720,河南省
中国人民公安大学,1276,北京市
中国人民大学,15,北京市
中国人民警察大学,999,河北省
中国传媒大学,1292,北京市
中国农业大学,22,北京市
中国刑事警察学院,1294,辽宁省
中国劳动关系学院,877,北京市
中国医科大学,1174,辽宁省
中国地质大学（北京）,54,北京市
中国地质大学（武汉）,47,湖北省
中国戏曲学院,1734,北京市
中国政法大学,1718,北京市
中国民航大学,204,天津市
中国海洋大学,44,山东省
中国消防救援学院,1295,北京市
中国石油大学（北京）,36,北京市
中国石油大学（华东）,46,山东省
中国矿业大学,41,江苏省
中国矿业大学（北京）,57,北京市
中国矿业大学徐海学院,1084,江苏省
中国社会科学院大学,889,北京市
中国科学技术大学,7,安徽省
中国科学院大学,728,北京市
中国美术学院,1531,浙江省
中国药科大学,1137,江苏省
中国计量大学,97,浙江省
中国计量大学现代科技学院,1126,浙江省
中国青年政治学院,1287,北京市
中国音乐学院,450,北京市
中央司法警官学院,900,河北省
中央戏剧学院,992,北京市
中央民族大学,1688,北京市
中央美术学院,1210,北京市
中央财经大学,1369,北京市
中央音乐学院,896,北京市
临汾职业技术学院,1675,山西省
临沂城市职业学院,1200,山东省
临沂大学,249,山东省
临沂科技职业学院,683,山东省
临沂职业学院,433,山东省
丽水学院,267,浙江省
丽水职业技术学院,1504,浙江省
义乌工商职业技术学院,1486,浙江省
乌兰察布医学高等专科学校,699,内蒙古自治区
乌兰察布职业学院,1583,内蒙古自治区
乌海职业技术学院,1022,内蒙古自治区
九州职业技术学院,1703,江苏省
九江卫生健康职业学院,906,江西省
九江学院,313,江西省
九江理工职业学院,1647,江西省
九江科技职业大学,1441,江西省
九江职业大学,1327,江西省
井冈山大学,245,江西省
亳州学院,366,安徽省
亳州职业技术学院,468,安徽省
仙桃职业学院,1535,湖北省
仰恩大学,1168,福建省
伊春职业学院,1478,黑龙江省
佳木斯大学,277,黑龙江省
佳木斯职业学院,1136,黑龙江省
保定学院,353,河北省
保定幼儿师范高等专科学校,1263,河北省
保定理工学院,1564,河北省
保定电力职业技术学院,1127,河北省
保定职业技术学院,1150,河北省
信阳农林学院,307,河南省
信阳学院,1222,河南省
信阳工程职业学院,481,河南省
信阳师范大学,222,河南省
信阳涉外职业技术学院,974,河南省
信阳科技职业学院,1123,河南省
信阳职业技术学院,1083,河南省
信阳航空职业学院,1460,河南省
信阳艺术职业学院,1544,河南省
六安应用科技职业学院,1025,安徽省
六安职业技术学院,895,安徽省
兰考三农职业学院,1705,河南省
兴安职业技术大学,1068,内蒙古自治区
冀中职业学院,1527,河北省
内蒙古丰州职业学院,1359,内蒙古自治区
内蒙古交通职业技术学院,771,内蒙古自治区
内蒙古体育职业学院,873,内蒙古自治区
内蒙古农业大学,149,内蒙古自治区
内蒙古化工职业学院,497,内蒙古自治区
内蒙古北方职业技术学院,1293,内蒙古自治区
内蒙古医科大学,1420,内蒙古自治区
内蒙古商贸职业学院,1060,内蒙古自治区
内蒙古大学,84,内蒙古自治区
内蒙古大学创业学院,1510,内蒙古自治区
内蒙古工业大学,201,内蒙古自治区
内蒙古工业职业学院,1259,内蒙古自治区
内蒙古师范大学,169,内蒙古自治区
内蒙古建筑职业技术大学,1489,内蒙古自治区
内蒙古机电职业技术学院,765,内蒙古自治区
内蒙古民族大学,1429,内蒙古自治区
内蒙古民族幼儿师范高等专科学校,1539,内蒙古自治区
内蒙古电子信息职业技术学院,1398,内蒙古自治区
内蒙古科技大学,220,内蒙古自治区
内蒙古科技职业学院,541,内蒙古自治区
内蒙古经贸外语职业学院,977,内蒙古自治区
内蒙古美术职业学院,744,内蒙古自治区
内蒙古能源职业学院,1049,内蒙古自治区
内蒙古艺术学院,677,内蒙古自治区
内蒙古警察学院,1242,内蒙古自治区
内蒙古财经大学,1371,内蒙古自治区
内蒙古鸿德文理学院,1646,内蒙古自治区
包头职业技术学院,1534,内蒙古自治区
包头轻工职业技术学院,554,内蒙古自治区
包头钢铁职业技术学院,1103,内蒙古自治区
包头铁道职业技术学院,1070,内蒙古自治区
北京中医药大学,399,北京市
北京中医药大学东方学院,1036,河北省
北京交通大学,29,北京市
北京交通职业技术学院,461,北京市
北京交通运输职业学院,1152,北京市
北京京北职业技术学院,1628,北京市
北京体育大学,1283,北京市
北京体育职业学院,1343,北京市
北京信息科技大学,150,北京市
北京信息职业技术学院,1154,北京市
北京农业职业学院,1189,北京市
北京农学院,186,北京市
北京劳动保障职业学院,880,北京市
北京化工大学,52,北京市
北京北大方正软件职业技术学院,853,北京市
北京协和医学院,1432,北京市
北京卫生职业学院,816,北京市
北京印刷学院,200,北京市
北京城市学院,432,北京市
北京培黎职业学院,931,北京市
北京外国语大学,532,北京市
北京大学,2,北京市
北京工业大学,51,北京市
北京工业大学耿丹学院,942,北京市
北京工业职业技术学院,1217,北京市
北京工商大学,1611,北京市
北京师范大学,16,北京市
北京建筑大学,114,北京市
北京戏曲艺术职业学院,1334,北京市
北京政法职业学院,448,北京市
北京服装学院,1699,北京市
北京林业大学,63,北京市
北京汇佳职业学院,1623,北京市
北京物资学院,918,北京市
北京理工大学,12,北京市
北京电子科技学院,145,北京市
北京电影学院,693,北京市
北京石油化工学院,202,北京市
北京科技大学,25,北京市
北京科技大学天津学院,1425,天津市
北京科技经营管理学院,1213,北京市
北京科技职业大学,862,北京市
北京科技职业学院,1274,北京市
北京第二外国语学院,1400,北京市
北京第二外国语学院中瑞酒店管理学院,991,北京市
北京经济技术职业学院,1079,北京市
北京经济管理职业学院,1319,北京市
北京经贸职业学院,1498,北京市
北京网络职业学院,1416,北京市
北京联合大学,211,北京市
北京舞蹈学院,1144,北京市
北京航空航天大学,10,北京市
北京艺术传媒职业学院,581,北京市
北京警察学院,1196,北京市
北京语言大学,1670,北京市
北京财贸职业学院,1367,北京市
北京邮电大学,48,北京市
北京邮电大学世纪学院,985,北京市
北京金融科技学院,1105,北京市
北京青年政治学院,1426,北京市
北华大学,210,吉林省
北华航天工业学院,276,河北省
北方工业大学,144,北京市
华东交通大学,131,江西省
华东师范大学,24,上海市
华东政法大学,1373,上海市
华东理工大学,32,上海市
华中农业大学,35,湖北省
华中师范大学,45,湖北省
华中科技大学,8,湖北省
华侨大学,120,福建省
华北水利水电大学,179,河南省
华北理工大学,203,河北省
华北理工大学冀唐学院,528,河北省
华北理工大学轻工学院,1102,河北省
华北电力大学,55,北京市
华北科技学院,349,河北省
南京中医药大学,1171,江苏省
南京中医药大学翰林学院,1491,江苏省
南京交通职业技术学院,736,江苏省
南京传媒学院,1448,江苏省
南京体育学院,785,江苏省
南京信息工程大学,74,江苏省
南京信息职业技术学院,749,江苏省
南京农业大学,37,江苏省
南京医科大学,473,江苏省
南京医科大学康达学院,1383,江苏省
南京城市职业学院,422,江苏省
南京大学,6,江苏省
南京大学金陵学院,958,江苏省
南京审计大学,1685,江苏省
南京审计大学金审学院,570,江苏省
南京工业大学,67,江苏省
南京工业大学浦江学院,945,江苏省
南京工业职业技术大学,373,江苏省
南京工程学院,187,江苏省
南京师范大学,39,江苏省
南京师范大学中北学院,1132,江苏省
南京师范大学泰州学院,1568,江苏省
南京旅游职业学院,812,江苏省
南京晓庄学院,251,江苏省
南京机电职业技术学院,1078,江苏省
南京林业大学,69,江苏省
南京特殊教育师范学院,341,江苏省
南京理工大学,27,江苏省
南京理工大学泰州科技学院,1796,江苏省
南京理工大学紫金学院,597,江苏省
南京科技职业学院,1641,江苏省
南京航空航天大学,26,江苏省
南京航空航天大学金城学院,1719,江苏省
南京艺术学院,1162,江苏省
南京视觉艺术职业学院,1379,江苏省
南京警察学院,988,江苏省
南京财经大学,1215,江苏省
南京财经大学红山学院,1040,江苏省
南京邮电大学,64,江苏省
南京邮电大学通达学院,1579,江苏省
南京铁道职业技术学院,995,江苏省
南开大学,18,天津市
南开大学滨海学院,1493,天津市
南昌交通学院,1111,江西省
南昌健康职业技术学院,1077,江西省
南昌医学院,1749,江西省
南昌大学,53,江西省
南昌大学共青学院,899,江西省
南昌大学科学技术学院,798,江西省
南昌工学院,783,江西省
南昌师范学院,318,江西省
南昌应用技术师范学院,876,江西省
南昌影视传播职业学院,1407,江西省
南昌理工学院,1262,江西省
南昌职业大学,905,江西省
南昌航空大学,134,江西省
南昌航空大学科技学院,1636,江西省
南通卫生健康职业学院,955,江苏省
南通大学,116,江苏省
南通大学杏林学院,412,江苏省
南通师范高等专科学校,1074,江苏省
南通理工学院,1616,江苏省
南通科技职业学院,1214,江苏省
南通职业大学,1589,江苏省
南阳农业职业学院,1509,河南省
南阳医学高等专科学校,829,河南省
南阳工艺美术职业学院,1030,河南省
南阳师范学院,274,河南省
南阳理工学院,281,河南省
南阳科技职业学院,841,河南省
南阳职业学院,1440,河南省
厦门东海职业技术学院,956,福建省
厦门兴才职业技术学院,1059,福建省
厦门医学院,500,福建省
厦门华厦学院,563,福建省
厦门华天涉外职业技术学院,718,福建省
厦门南洋职业学院,1370,福建省
厦门城市职业学院,1795,福建省
厦门大学,20,福建省
厦门大学嘉庚学院,660,福建省
厦门安防科技职业学院,1459,福建省
厦门工学院,1745,福建省
厦门海洋职业技术学院,398,福建省
厦门演艺职业学院,1581,福建省
厦门理工学院,197,福建省
厦门软件职业技术学院,1211,福建省
台州学院,221,浙江省
台州科技职业学院,620,浙江省
台州职业技术学院,748,浙江省
合肥信息技术职业学院,1046,安徽省
合肥共达职业技术学院,1715,安徽省
合肥城市学院,1672,安徽省
合肥大学,209,安徽省
合肥工业大学,62,安徽省
合肥师范学院,261,安徽省
合肥幼儿师范高等专科学校,1549,安徽省
合肥理工学院,1139,安徽省
合肥科技职业学院,709,安徽省
合肥经济学院,665,安徽省
合肥职业技术学院,1658,安徽省
合肥通用职业技术学院,1446,安徽省
吉安幼儿师范高等专科学校,1554,江西省
吉安职业技术学院,1726,江西省
吉林交通职业技术学院,594,吉林省
吉林体育学院,869,吉林省
吉林农业大学,128,吉林省
吉林农业科技学院,320,吉林省
吉林动画学院,1146,吉林省
吉林化工大学,1481,吉林省
吉林医药学院,1080,吉林省
吉林司法警官职业学院,438,吉林省
吉林城市职业技术学院,1087,吉林省
吉林外国语大学,1505,吉林省
吉林大学,21,吉林省
吉林工业职业技术学院,888,吉林省
吉林工商学院,1316,吉林省
吉林工程技术师范学院,367,吉林省
吉林工程职业学院,1801,吉林省
吉林师范大学,224,吉林省
吉林师范大学博达学院,1237,吉林省
吉林建筑大学,240,吉林省
吉林建筑科技学院,1052,吉林省
吉林水利电力职业学院,604,吉林省
吉林电子信息职业技术学院,777,吉林省
吉林科技职业技术学院,1338,吉林省
吉林职业技术学院,535,吉林省
吉林艺术学院,1333,吉林省
吉林警察学院,702,吉林省
吉林财经大学,930,吉林省
吉林通用航空职业技术学院,933,吉林省
吉林铁道职业技术大学,716,吉林省
同济大学,14,上海市
同济大学浙江学院,439,浙江省
吕梁学院,370,山西省
吕梁师范高等专科学校,1199,山西省
吕梁职业技术学院,1043,山西省
周口城市职业学院,866,河南省
周口师范学院,288,河南省
周口文理职业学院,607,河南省
周口智慧能源职业学院,1072,河南省
周口理工职业学院,1266,河南省
周口职业技术学院,916,河南省
呼伦贝尔学院,335,内蒙古自治区
呼伦贝尔职业技术学院,1089,内蒙古自治区
呼和浩特民族学院,1523,内蒙古自治区
呼和浩特职业技术大学,1188,内蒙古自治区
和君职业学院,1396,江西省
哈尔滨传媒职业学院,953,黑龙江省
哈尔滨体育学院,768,黑龙江省
哈尔滨信息工程学院,1320,黑龙江省
哈尔滨剑桥学院,1686,黑龙江省
哈尔滨北方航空职业技术学院,903,黑龙江省
哈尔滨医科大学,1668,黑龙江省
哈尔滨华德学院,1143,黑龙江省
哈尔滨商业大学,689,黑龙江省
哈尔滨商贸职业学院,569,黑龙江省
哈尔滨城市职业学院,576,黑龙江省
哈尔滨学院,298,黑龙江省
哈尔滨工业大学,13,黑龙江省
哈尔滨工程大学,33,黑龙江省
哈尔滨师范大学,174,黑龙江省
哈尔滨幼儿师范高等专科学校,1406,黑龙江省
哈尔滨广厦学院,1653,黑龙江省
哈尔滨应用职业技术学院,1112,黑龙江省
哈尔滨理工大学,166,黑龙江省
哈尔滨电力职业技术学院,1363,黑龙江省
哈尔滨石油学院,949,黑龙江省
哈尔滨科学技术职业学院,1530,黑龙江省
哈尔滨职业技术大学,834,黑龙江省
哈尔滨远东理工学院,795,黑龙江省
哈尔滨金融学院,1402,黑龙江省
哈尔滨铁道职业技术学院,462,黑龙江省
哈尔滨音乐学院,1015,黑龙江省
唐山学院,386,河北省
唐山工业职业技术大学,1362,河北省
唐山师范学院,294,河北省
唐山幼儿师范高等专科学校,1797,河北省
唐山海运职业学院,1227,河北省
唐山科技职业技术学院,1186,河北省
唐山职业技术学院,538,河北省
商丘医学高等专科学校,397,河南省
商丘学院,1006,河南省
商丘工学院,1346,河南省
商丘师范学院,301,河南省
商丘幼儿师范高等专科学校,615,河南省
商丘职业技术学院,1667,河南省
嘉兴南洋职业技术学院,1487,浙江省
嘉兴南湖学院,1733,浙江省
嘉兴大学,161,浙江省
嘉兴职业技术学院,1552,浙江省
四平现代职业学院,1339,吉林省
四平职业大学,824,吉林省
国际关系学院,154,北京市
复旦大学,5,上海市
外交学院,1702,北京市
大兴安岭职业学院,1201,黑龙江省
大同师范高等专科学校,1723,山西省
大同数据科技职业学院,1096,山西省
大同煤炭职业技术学院,1312,山西省
大庆医学高等专科学校,1256,黑龙江省
大庆师范学院,339,黑龙江省
大庆职业学院,1737,黑龙江省
大连东软信息学院,1385,辽宁省
大连交通大学,191,辽宁省
大连医科大学,963,辽宁省
大连医科大学中山学院,967,辽宁省
大连商务职业学院,445,辽宁省
大连外国语大学,1220,辽宁省
大连大学,184,辽宁省
大连工业大学,153,辽宁省
大连工业大学艺术与信息工程学院,1526,辽宁省
大连枫叶职业技术学院,1378,辽宁省
大连民族大学,1728,辽宁省
大连汽车职业技术学院,1413,辽宁省
大连海事大学,81,辽宁省
大连海洋大学,218,辽宁省
大连理工大学,23,辽宁省
大连理工大学城市学院,414,辽宁省
大连科技学院,1057,辽宁省
大连翻译职业学院,1582,辽宁省
大连职业技术学院,766,辽宁省
大连航运职业技术学院,456,辽宁省
大连艺术学院,664,辽宁省
大连装备制造职业技术学院,1550,辽宁省
大连财经学院,1395,辽宁省
大连软件职业学院,1226,辽宁省
天津中医药大学,1604,天津市
天津中德应用技术大学,360,天津市
天津交通职业学院,1615,天津市
天津仁爱学院,1354,天津市
天津传媒学院,831,天津市
天津体育学院,1442,天津市
天津体育职业学院,1474,天津市
天津农学院,250,天津市
天津医学高等专科学校,1061,天津市
天津医科大学,1075,天津市
天津医科大学临床医学院,1517,天津市
天津商业大学,1471,天津市
天津商业大学宝德学院,1754,天津市
天津商务职业学院,631,天津市
天津国土资源和房屋职业学院,1759,天津市
天津城市建设管理职业技术学院,1175,天津市
天津城市职业学院,1181,天津市
天津城建大学,235,天津市
天津外国语大学,1258,天津市
天津外国语大学滨海外事学院,441,天津市
天津大学,17,天津市
天津天狮学院,1671,天津市
天津工业大学,98,天津市
天津工业职业学院,614,天津市
天津工程职业技术学院,396,天津市
天津工艺美术职业学院,465,天津市
天津市职业大学,845,天津市
天津师范大学,101,天津市
天津师范大学津沽学院,788,天津市
天津广播影视职业学院,1298,天津市
天津开发区职业技术学院,733,天津市
天津机电职业技术学院,1007,天津市
天津海运职业学院,696,天津市
天津渤海职业技术学院,1158,天津市
天津滨海汽车工程职业学院,1038,天津市
天津滨海职业学院,947,天津市
天津现代职业技术学院,1418,天津市
天津理工大学,135,天津市
天津理工大学中环信息学院,1609,天津市
天津生物工程职业技术学院,1404,天津市
天津电子信息职业技术学院,730,天津市
天津石油职业技术学院,598,天津市
天津科技大学,118,天津市
天津美术学院,629,天津市
天津职业技术师范大学,248,天津市
天津艺术职业学院,1488,天津市
天津警察学院,1228,天津市
天津财经大学,656,天津市
天津财经大学珠江学院,719,天津市
天津轻工职业技术学院,758,天津市
天津铁道职业技术学院,1340,天津市
天津音乐学院,1265,天津市
太原城市职业技术学院,1506,山西省
太原学院,384,山西省
太原工业学院,351,山西省
太原师范学院,287,山西省
太原幼儿师范高等专科学校,1644,山西省
太原理工大学,78,山西省
太原科技大学,217,山西省
太湖创意职业技术学院,712,江苏省
威海海洋职业学院,1044,山东省
威海职业学院,1515,山东省
宁德师范学院,310,福建省
宁德职业技术学院,936,福建省
宁波东方理工大学,894,浙江省
宁波卫生职业技术学院,1681,浙江省
宁波城市职业技术学院,982,浙江省
宁波大学,58,浙江省
宁波大学科学技术学院,1329,浙江省
宁波工程学院,214,浙江省
宁波幼儿师范高等专科学校,769,浙江省
宁波职业技术大学,1632,浙江省
宁波诺丁汉大学,1053,浙江省
宁波财经学院,453,浙江省
安庆医药高等专科学校,400,安徽省
安庆师范大学,241,安徽省
安庆职业技术学院,1629,安徽省
安徽三联学院,1069,安徽省
安徽中医药大学,485,安徽省
安徽中医药高等专科学校,590,安徽省
安徽中澳科技职业学院,1620,安徽省
安徽交通职业技术学院,1469,安徽省
安徽体育运动职业技术学院,1067,安徽省
安徽信息工程学院,1673,安徽省
安徽公安学院,583,安徽省
安徽公安职业学院,1730,安徽省
安徽农业大学,112,安徽省
安徽冶金科技职业学院,815,安徽省
安徽医科大学,410,安徽省
安徽医科大学临床医学院,406,安徽省
安徽卫生健康职业学院,1490,安徽省
安徽商贸职业技术学院,1414,安徽省
安徽国防科技职业学院,1184,安徽省
安徽国际商务职业学院,426,安徽省
安徽城市管理职业学院,635,安徽省
安徽外国语学院,1739,安徽省
安徽大学,70,安徽省
安徽审计职业学院,743,安徽省
安徽工业大学,136,安徽省
安徽工业经济职业技术学院,1239,安徽省
安徽工业职业技术学院,1377,安徽省
安徽工商职业学院,1687,安徽省
安徽工程大学,188,安徽省
安徽工贸职业技术学院,659,安徽省
安徽师范大学,99,安徽省
安徽广播影视职业技术学院,1773,安徽省
安徽建筑大学,195,安徽省
安徽扬子职业技术学院,1409,安徽省
安徽文达信息工程学院,1012,安徽省
安徽新华学院,1361,安徽省
安徽新闻出版职业技术学院,477,安徽省
安徽机电职业技术学院,1382,安徽省
安徽林业职业技术学院,526,安徽省
安徽水利水电职业技术学院,1756,安徽省
安徽汽车职业技术学院,634,安徽省
安徽涉外经济职业学院,695,安徽省
安徽现代信息工程职业学院,690,安徽省
安徽理工大学,141,安徽省
安徽电子信息职业技术学院,828,安徽省
安徽电气工程职业技术学院,926,安徽省
安徽矿业职业技术学院,1302,安徽省
安徽科技学院,256,安徽省
安徽第二医学院,1048,安徽省
安徽粮食工程职业学院,710,安徽省
安徽绿海商务职业学院,533,安徽省
安徽职业技术大学,546,安徽省
安徽艺术学院,1778,安徽省
安徽艺术职业学院,1456,安徽省
安徽警官职业学院,1394,安徽省
安徽财经大学,731,安徽省
安徽财贸职业学院,1585,安徽省
安徽邮电职业技术学院,1003,安徽省
安徽黄梅戏艺术职业学院,517,安徽省
安阳学院,1570,河南省
安阳工学院,312,河南省
安阳师范学院,293,河南省
安阳幼儿师范高等专科学校,630,河南省
安阳职业技术学院,611,河南省
宜春学院,308,江西省
宜春幼儿师范高等专科学校,669,江西省
宜春职业技术学院,1716,江西省
宣化科技职业学院,1711,河北省
宣城职业技术学院,647,安徽省
宿州学院,325,安徽省
宿州职业技术学院,830,安徽省
宿州航空职业学院,1375,安徽省
宿迁学院,290,江苏省
宿迁幼儿师范高等专科学校,1746,江苏省
宿迁泽达职业技术学院,1519,江苏省
宿迁职业技术学院,1541,江苏省
对外经济贸易大学,1521,北京市
山东中医药大学,1524,山东省
山东中医药高等专科学校,990,山东省
山东交通学院,242,山东省
山东交通职业学院,1555,山东省
山东传媒职业学院,961,山东省
山东体育学院,1019,山东省
山东信息职业技术学院,1495,山东省
山东农业大学,104,山东省
山东农业工程学院,331,山东省
山东力明科技职业学院,1116,山东省
山东劳动职业技术学院,424,山东省
山东化工职业学院,774,山东省
山东医学高等专科学校,1678,山东省
山东华宇工学院,1054,山东省
山东协和学院,1141,山东省
山东司法警官职业学院,1260,山东省
山东商业职业技术学院,1082,山东省
山东商务职业学院,579,山东省
山东圣翰财贸职业学院,1347,山东省
山东城市建设职业学院,539,山东省
山东城市服务职业学院,572,山东省
山东外事职业大学,875,山东省
山东外国语职业技术大学,1690,山东省
山东外贸职业学院,1676,山东省
山东大学,19,山东省
山东女子学院,315,山东省
山东工业职业学院,1804,山东省
山东工商学院,801,山东省
山东工程职业技术大学,1001,山东省
山东工艺美术学院,1114,山东省
山东师范大学,75,山东省
山东建筑大学,172,山东省
山东政法学院,1501,山东省
山东文化产业职业学院,474,山东省
山东文化艺术职业学院,589,山东省
山东旅游职业学院,1140,山东省
山东服装职业学院,814,山东省
山东杏林科技职业学院,846,山东省
山东水利职业学院,1790,山东省
山东海事职业学院,1326,山东省
山东特殊教育职业学院,627,山东省
山东现代学院,1332,山东省
山东理工大学,140,山东省
山东理工职业学院,1202,山东省
山东电力高等专科学校,1708,山东省
山东电子职业技术学院,444,山东省
山东畜牧兽医职业学院,653,山东省
山东石油化工学院,385,山东省
山东科技大学,90,山东省
山东科技职业学院,913,山东省
山东第一医科大学,1254,山东省
山东第二医科大学,553,山东省
山东管理学院,326,山东省
山东经贸职业学院,975,山东省
山东职业学院,781,山东省
山东胜利职业学院,1310,山东省
山东航空学院,263,山东省
山东艺术学院,1100,山东省
山东艺术设计职业学院,1221,山东省
山东英才学院,1093,山东省
山东药品食品职业学院,1229,山东省
山东警察学院,843,山东省
山东财经大学,929,山东省
山东财经大学东方学院,1107,山东省
山东财经大学燕山学院,792,山东省
山东轻工职业学院,799,山东省
山东铝业职业学院,1461,山东省
山东青年政治学院,334,山东省
山西中医药大学,1041,山西省
山西传媒学院,1593,山西省
山西体育职业学院,1431,山西省
山西信息职业技术学院,805,山西省
山西农业大学,158,山西省
山西医科大学,1655,山西省
山西医药学院,1576,山西省
山西华澳商贸职业学院,1421,山西省
山西卫生健康职业学院,1121,山西省
山西同文职业技术学院,821,山西省
山西国际商务职业学院,1674,山西省
山西大同大学,358,山西省
山西大学,73,山西省
山西工商学院,1151,山西省
山西工学院,1638,山西省
山西工程技术学院,378,山西省
山西工程科技职业大学,391,山西省
山西工程职业学院,1449,山西省
山西师范大学,181,山西省
山西应用科技学院,1578,山西省
山西文化旅游职业大学,455,山西省
山西晋中理工学院,1064,山西省
山西机电职业技术学院,1610,山西省
山西林业职业技术学院,1198,山西省
山西水利职业技术学院,490,山西省
山西电力职业技术学院,1696,山西省
山西电子科技学院,361,山西省
山西省财政税务专科学校,819,山西省
山西科技学院,395,山西省
山西管理职业学院,1033,山西省
山西经贸职业学院,868,山西省
山西老区职业技术学院,467,山西省
山西职业技术学院,907,山西省
山西能源学院,372,山西省
山西药科职业学院,973,山西省
山西警官职业学院,826,山西省
山西警察学院,459,山西省
山西财经大学,1794,山西省
山西财经大学华商学院,943,山西省
山西财贸职业技术学院,1496,山西省
山西运城农业职业技术学院,416,山西省
山西通用航空职业技术学院,960,山西省
山西金融职业学院,1457,山西省
山西铁道职业技术学院,1546,山西省
嵩山少林武术职业学院,591,河南省
巢湖学院,329,安徽省
常州信息职业技术学院,505,江苏省
常州大学,109,江苏省
常州大学怀德学院,1744,江苏省
常州工业职业技术学院,508,江苏省
常州工学院,233,江苏省
常州工程职业技术学院,1763,江苏省
常州幼儿师范高等专科学校,1605,江苏省
常州机电职业技术学院,1017,江苏省
常州纺织服装职业技术学院,763,江苏省
常州铁道职业技术学院,1720,江苏省
平顶山学院,305,河南省
平顶山工业职业技术学院,1264,河南省
平顶山文化艺术职业学院,797,河南省
平顶山科技职业学院,741,河南省
平顶山职业技术学院,646,河南省
应天职业技术学院,1311,江苏省
康复大学,1235,山东省
廊坊卫生职业学院,686,河北省
廊坊师范学院,390,河北省
廊坊燕京职业技术学院,1051,河北省
廊坊职业技术学院,1282,河北省
延边大学,122,吉林省
延边职业技术学院,1594,吉林省
建东职业技术学院,1376,江苏省
开封大学,1725,河南省
开封工程职业学院,1380,河南省
开封文化艺术职业学院,1664,河南省
开封智慧健康职业学院,1612,河南省
开封职业学院,1088,河南省
张家口学院,375,河北省
张家口职业技术学院,909,河北省
徐州医科大学,1463,江苏省
徐州工业职业技术学院,1417,江苏省
徐州工程学院,237,江苏省
徐州幼儿师范高等专科学校,1232,江苏省
徐州生物工程职业技术学院,1145,江苏省
德州学院,280,山东省
德州工程职业学院,912,山东省
德州科技职业学院,595,山东省
德州职业技术学院,575,山东省
徽商职业学院,854,安徽省
忻州师范学院,355,山西省
忻州职业技术学院,1207,山西省
恩施职业技术学院,1191,湖北省
扎兰屯职业学院,476,内蒙古自治区
扬州中瑞酒店职业学院,1267,江苏省
扬州大学,61,江苏省
扬州大学广陵学院,987,江苏省
扬州工业职业技术学院,1645,江苏省
扬州环境资源职业技术学院,512,江苏省
扬州职业技术大学,606,江苏省
承德医学院,944,河北省
承德应用技术职业学院,1560,河北省
承德护理职业学院,1405,河北省
抚州医药学院,602,江西省
抚州幼儿师范高等专科学校,494,江西省
抚州职业技术学院,1091,江西省
抚顺师范高等专科学校,1071,辽宁省
抚顺职业技术学院,684,辽宁省
文华学院,623,湖北省
新乡学院,382,河南省
新乡工程学院,402,河南省
新乡职业技术学院,446,河南省
新余学院,365,江西省
新余职业技术学院,1178,江西省
无锡南洋职业技术学院,542,江苏省
无锡商业职业技术学院,1479,江苏省
无锡城市职业技术学院,980,江苏省
无锡太湖学院,1163,江苏省
无锡学院,255,江苏省
无锡工艺职业技术学院,1732,江苏省
无锡师范高等专科学校,1654,江苏省
无锡科技职业学院,458,江苏省
无锡职业技术大学,1037,江苏省
日照康养职业学院,1412,山东省
日照科技职业学院,1771,山东省
日照职业技术学院,959,山东省
日照航海工程职业学院,480,山东省
昆山杜克大学,1035,江苏省
昆山登云科技职业学院,1613,江苏省
明达职业技术学院,1372,江苏省
晋中信息学院,708,山西省
晋中健康学院,1058,山西省
晋中学院,344,山西省
晋中师范高等专科学校,1348,山西省
晋中职业技术学院,1247,山西省
晋城职业技术学院,978,山西省
景德镇学院,354,江西省
景德镇艺术职业大学,1076,江西省
景德镇陶瓷大学,223,江西省
景德镇陶瓷职业技术学院,1268,江西省
曲阜师范大学,129,山东省
曲阜远东职业技术学院,1606,山东省
曹妃甸职业技术学院,536,河北省
朔州师范高等专科学校,628,山西省
朔州职业技术学院,540,山西省
朔州陶瓷职业技术学院,1499,山西省
朝阳师范学院,1536,辽宁省
杭州万向职业技术学院,1422,浙江省
杭州医学院,1476,浙江省
杭州师范大学,87,浙江省
杭州师范大学钱江学院,1225,浙江省
杭州电子科技大学,71,浙江省
杭州电子科技大学信息工程学院,1288,浙江省
杭州科技职业技术学院,443,浙江省
杭州职业技术大学,756,浙江省
松原职业技术学院,603,吉林省
林州建筑职业技术学院,482,河南省
枣庄学院,285,山东省
枣庄应用技术职业学院,965,山东省
枣庄科技职业学院,1234,山东省
枣庄职业学院,1253,山东省
桐城师范高等专科学校,1551,安徽省
梅河口康美职业技术学院,800,吉林省
正德职业技术学院,1742,江苏省
武夷学院,323,福建省
武夷山职业学院,1021,福建省
武昌工学院,1587,湖北省
武昌理工学院,1680,湖北省
武昌首义学院,1482,湖北省
武汉东湖学院,1669,湖北省
武汉传媒学院,548,湖北省
武汉体育学院,691,湖北省
武汉体育学院体育科技学院,625,湖北省
武汉华夏理工学院,1206,湖北省
武汉商学院,1473,湖北省
武汉城市学院,1577,湖北省
武汉城市职业学院,703,湖北省
武汉大学,9,湖北省
武汉学院,806,湖北省
武汉工商学院,1791,湖北省
武汉工程大学,115,湖北省
武汉工程大学邮电与信息工程学院,1208,湖北省
武汉工程科技学院,1013,湖北省
武汉工程职业技术学院,1677,湖北省
武汉工贸职业学院,1042,湖北省
武汉文理学院,752,湖北省
武汉晴川学院,779,湖北省
武汉理工大学,40,湖北省
武汉生物工程学院,682,湖北省
武汉电力职业技术学院,858,湖北省
武汉科技大学,89,湖北省
武汉纺织大学,123,湖北省
武汉纺织大学外经贸学院,1349,湖北省
武汉职业技术大学,1284,湖北省
武汉航海职业技术学院,1633,湖北省
武汉船舶职业技术学院,1324,湖北省
武汉设计工程学院,954,湖北省
武汉软件工程职业学院,951,湖北省
武汉轻工大学,175,湖北省
武汉铁路职业技术学院,1233,湖北省
武汉音乐学院,672,湖北省
民办万博科技职业学院,832,安徽省
民办合肥滨湖职业技术学院,437,安徽省
民办合肥经济技术职业学院,1245,安徽省
民办合肥财经职业学院,1572,安徽省
民办安徽旅游职业学院,1468,安徽省
民政职业大学,580,北京市
永城职业学院,729,河南省
汉口学院,639,湖北省
汉江师范学院,381,湖北省
汝州职业技术学院,723,河南省
江南大学,42,江苏省
江南影视艺术职业学院,1781,江苏省
江汉大学,193,湖北省
江海职业技术学院,893,江苏省
江苏信息职业技术学院,1299,江苏省
江苏农林职业技术学院,1757,江苏省
江苏农牧科技职业学院,1483,江苏省
江苏医药职业学院,401,江苏省
江苏卫生健康职业学院,732,江苏省
江苏司法警官职业学院,1475,江苏省
江苏商贸职业学院,1387,江苏省
江苏城乡建设职业学院,784,江苏省
江苏城市职业学院,531,江苏省
江苏大学,59,江苏省
江苏大学京江学院,643,江苏省
江苏安全技术职业学院,915,江苏省
江苏工程职业技术学院,1166,江苏省
江苏师范大学,103,江苏省
江苏师范大学科文学院,1034,江苏省
江苏建筑职业技术学院,447,江苏省
江苏护理职业学院,1513,江苏省
江苏旅游职业学院,550,江苏省
江苏海事职业技术学院,908,江苏省
江苏海洋大学,239,江苏省
江苏理工学院,227,江苏省
江苏电子信息职业学院,782,江苏省
江苏科技大学,100,江苏省
江苏科技大学苏州理工学院,1241,江苏省
江苏第二师范学院,283,江苏省
江苏经贸职业技术学院,1553,江苏省
江苏联合职业技术学院,1424,江苏省
江苏航空职业技术学院,1195,江苏省
江苏航运职业技术学院,561,江苏省
江苏警官学院,1800,江苏省
江苏财会职业学院,593,江苏省
江苏财经职业技术学院,515,江苏省
江苏食品药品职业技术学院,1695,江苏省
江西中医药大学,509,江西省
江西交通职业技术学院,1005,江西省
江西传媒职业学院,1649,江西省
江西信息应用职业技术学院,1764,江西省
江西农业大学,146,江西省
江西农业大学南昌商学院,565,江西省
江西农业工程职业学院,487,江西省
江西冶金职业技术学院,882,江西省
江西制造职业技术学院,927,江西省
江西医学高等专科学校,789,江西省
江西卫生职业学院,827,江西省
江西司法警官职业学院,1639,江西省
江西外语外贸职业学院,492,江西省
江西婺源茶业职业学院,493,江西省
江西工业工程职业技术学院,890,江西省
江西工业职业技术学院,1436,江西省
江西工业贸易职业技术学院,662,江西省
江西工商职业技术学院,1741,江西省
江西工程学院,1559,江西省
江西工程职业学院,1558,江西省
江西师范大学,85,江西省
江西师范大学科学技术学院,470,江西省
江西师范高等专科学校,1750,江西省
江西应用工程职业学院,1565,江西省
江西应用技术职业学院,1300,江西省
江西应用科技学院,1179,江西省
江西建设职业技术学院,1624,江西省
江西新能源科技职业学院,415,江西省
江西旅游商贸职业学院,1110,江西省
江西服装学院,1588,江西省
江西机电职业技术学院,1289,江西省
江西枫林涉外经贸职业学院,919,江西省
江西樟树中医药职业学院,946,江西省
江西水利电力大学,1694,江西省
江西水利职业学院,622,江西省
江西泰豪动漫职业学院,804,江西省
江西洪州职业学院,577,江西省
江西环境工程职业学院,840,江西省
江西现代职业技术学院,1172,江西省
江西理工大学,124,江西省
江西生物科技职业学院,685,江西省
江西电力职业技术学院,537,江西省
江西电子信息职业技术学院,1503,江西省
江西科技学院,753,江西省
江西科技师范大学,244,江西省
江西科技职业学院,1352,江西省
江西管理职业学院,928,江西省
江西经济管理职业学院,564,江西省
江西职业技术大学,1648,江西省
江西航空职业技术学院,1545,江西省
江西艺术职业学院,1533,江西省
江西警察学院,1511,江西省
江西财经大学,544,江西省
江西财经大学现代经济管理学院,1085,江西省
江西财经职业学院,850,江西省
江西软件职业技术大学,1660,江西省
江西陶瓷工艺美术职业技术学院,1106,江西省
江西青年职业学院,887,江西省
江西飞行学院,1177,江西省
江阴职业技术学院,516,江苏省
池州学院,350,安徽省
池州职业技术学院,1131,安徽省
沈阳体育学院,1384,辽宁省
沈阳农业大学,110,辽宁省
沈阳化工大学,171,辽宁省
沈阳北软信息职业技术学院,1569,辽宁省
沈阳医学院,425,辽宁省
沈阳城市学院,1679,辽宁省
沈阳城市建设学院,1269,辽宁省
沈阳大学,208,辽宁省
沈阳工业大学,138,辽宁省
沈阳工业大学工程学院,734,辽宁省
沈阳工学院,772,辽宁省
沈阳工程学院,392,辽宁省
沈阳师范大学,190,辽宁省
沈阳建筑大学,156,辽宁省
沈阳理工大学,194,辽宁省
沈阳科技学院,621,辽宁省
沈阳职业技术学院,578,辽宁省
沈阳航空职业技术学院,704,辽宁省
沈阳航空航天大学,155,辽宁省
沈阳航空航天大学北方科技学院,715,辽宁省
沈阳药科大学,673,辽宁省
沈阳音乐学院,560,辽宁省
沙洲职业工学院,1803,江苏省
沧州交通学院,897,河北省
沧州医学高等专科学校,1156,河北省
沧州师范学院,389,河北省
沧州幼儿师范高等专科学校,917,河北省
沧州职业技术学院,717,河北省
沧州航空职业学院,1538,河北省
河北东方学院,1516,河北省
河北中医药大学,1236,河北省
河北交通职业技术学院,1444,河北省
河北传媒学院,1736,河北省
河北体育学院,1704,河北省
河北公安警察职业学院,935,河北省
河北农业大学,143,河北省
河北农业大学现代科技学院,1308,河北省
河北劳动关系职业学院,851,河北省
河北化工医药职业技术学院,957,河北省
河北北方学院,407,河北省
河北医科大学,452,河北省
河北医科大学临床学院,1614,河北省
河北司法警官职业学院,879,河北省
河北地质大学,231,河北省
河北地质大学华信学院,1164,河北省
河北外国语学院,1008,河北省
河北大学,92,河北省
河北大学工商学院,1621,河北省
河北女子职业技术学院,976,河北省
河北对外经贸职业学院,790,河北省
河北工业大学,79,河北省
河北工业职业技术大学,387,河北省
河北工程大学,215,河北省
河北工程大学科信学院,786,河北省
河北工程技术学院,1203,河北省
河北工艺美术职业学院,968,河北省
河北师范大学,117,河北省
河北师范大学汇华学院,1717,河北省
河北建材职业技术学院,420,河北省
河北建筑工程学院,321,河北省
河北政法职业学院,1419,河北省
河北旅游职业学院,475,河北省
河北机电职业技术学院,513,河北省
河北正定师范高等专科学校,640,河北省
河北民族师范学院,336,河北省
河北水利电力学院,379,河北省
河北环境工程学院,347,河北省
河北石油职业技术大学,394,河北省
河北石油职业技术学院,794,河北省
河北科技大学,165,河北省
河北科技学院,972,河北省
河北科技工程职业技术大学,393,河北省
河北科技师范学院,278,河北省
河北经贸大学,1185,河北省
河北经贸大学经济管理学院,568,河北省
河北美术学院,1147,河北省
河北能源职业技术学院,989,河北省
河北艺术职业学院,1255,河北省
河北资源环境职业技术学院,775,河北省
河北轨道运输职业技术学院,1243,河北省
河北软件职业技术学院,405,河北省
河北金融学院,1170,河北省
河南中医药大学,1458,河南省
河南交通职业技术学院,810,河南省
河南体育学院,884,河南省
河南信息统计职业学院,1193,河南省
河南农业大学,108,河南省
河南农业职业学院,558,河南省
河南医学高等专科学校,872,河南省
河南医药大学,1755,河南省
河南司法警官职业学院,1567,河南省
河南地矿职业学院,808,河南省
河南城建学院,291,河南省
河南大学,72,河南省
河南女子职业学院,562,河南省
河南对外经济贸易职业学院,761,河南省
河南工业和信息化职业学院,856,河南省
河南工业大学,151,河南省
河南工业职业技术学院,1062,河南省
河南工业贸易职业学院,1772,河南省
河南工学院,363,河南省
河南工程学院,297,河南省
河南师范大学,111,河南省
河南应用技术职业学院,822,河南省
河南建筑职业技术学院,1056,河南省
河南开封科技传媒学院,1743,河南省
河南护理职业学院,479,河南省
河南推拿职业学院,543,河南省
河南新乡工商职业学院,1584,河南省
河南机电职业学院,1691,河南省
河南林业职业学院,1285,河南省
河南检察职业学院,1782,河南省
河南水利与环境职业学院,1101,河南省
河南测绘职业学院,521,河南省
河南牧业经济学院,322,河南省
河南物流职业学院,844,河南省
河南理工大学,147,河南省
河南科技大学,121,河南省
河南科技学院,243,河南省
河南科技职业大学,1805,河南省
河南经贸职业学院,1321,河南省
河南职业技术学院,996,河南省
河南艺术职业学院,1563,河南省
河南警察学院,617,河南省
河南财政金融学院,726,河南省
河南财经政法大学,1104,河南省
河南质量工程职业学院,1693,河南省
河南轻工职业学院,1547,河南省
河套学院,368,内蒙古自治区
河海大学,50,江苏省
泉州信息工程学院,1591,福建省
泉州医学高等专科学校,1271,福建省
泉州华光职业学院,923,福建省
泉州工程职业技术学院,1204,福建省
泉州工艺美术职业学院,1408,福建省
泉州师范学院,269,福建省
泉州幼儿师范高等专科学校,833,福建省
泉州海洋职业学院,1713,福建省
泉州纺织服装职业学院,1301,福建省
泉州经贸职业技术学院,1642,福建省
泉州职业技术大学,1323,福建省
泉州轻工职业学院,1351,福建省
泰山学院,264,山东省
泰山护理职业学院,1020,山东省
泰山科技学院,1097,山东省
泰山职业技术学院,1095,山东省
泰州学院,328,江苏省
泰州职业技术学院,1786,江苏省
洛阳商业职业学院,1125,河南省
洛阳师范学院,247,河南省
洛阳文化旅游职业学院,457,河南省
洛阳理工学院,311,河南省
洛阳科技职业学院,770,河南省
洛阳职业技术学院,1450,河南省
济南大学,132,山东省
济南工程职业技术学院,588,山东省
济南幼儿师范高等专科学校,755,山东省
济南护理职业学院,886,山东省
济南职业学院,1011,山东省
济宁医学院,1330,山东省
济宁学院,352,山东省
济宁汽车工程职业学院,1643,山东省
济宁职业技术学院,678,山东省
济源职业技术学院,676,河南省
浙大城市学院,189,浙江省
浙大宁波理工学院,199,浙江省
浙江万里学院,246,浙江省
浙江东方职业技术学院,1768,浙江省
浙江中医药大学,1701,浙江省
浙江中医药大学滨江学院,1514,浙江省
浙江交通职业技术学院,694,浙江省
浙江传媒学院,1355,浙江省
浙江体育职业技术学院,1706,浙江省
浙江农业商贸职业学院,981,浙江省
浙江农林大学,107,浙江省
浙江农林大学暨阳学院,1257,浙江省
浙江同济科技职业学院,745,浙江省
浙江商业职业技术学院,1770,浙江省
浙江国际海运职业技术学院,1094,浙江省
浙江外国语学院,1190,浙江省
浙江大学,3,浙江省
浙江宇翔职业技术学院,460,浙江省
浙江安防职业技术学院,1240,浙江省
浙江工业大学,49,浙江省
浙江工业大学之江学院,1738,浙江省
浙江工业职业技术学院,566,浙江省
浙江工商大学,1508,浙江省
浙江工商大学杭州商学院,1472,浙江省
浙江工商职业技术学院,1335,浙江省
浙江工贸职业技术学院,971,浙江省
浙江师范大学,66,浙江省
浙江师范大学行知学院,1663,浙江省
浙江广厦建设职业技术大学,1055,浙江省
浙江建设职业技术学院,1683,浙江省
浙江旅游职业学院,1500,浙江省
浙江机电职业技术大学,698,浙江省
浙江树人学院,921,浙江省
浙江横店影视职业学院,920,浙江省
浙江水利水电学院,289,浙江省
浙江汽车职业技术学院,855,浙江省
浙江海洋大学,162,浙江省
浙江特殊教育职业学院,1392,浙江省
浙江理工大学,76,浙江省
浙江理工大学科技与艺术学院,948,浙江省
浙江电力职业技术学院,1309,浙江省
浙江科技大学,168,浙江省
浙江纺织服装职业技术学院,941,浙江省
浙江经济职业技术学院,993,浙江省
浙江经贸职业技术学院,1438,浙江省
浙江育英职业技术学院,1618,浙江省
浙江舟山群岛新区旅游与健康职业学院,519,浙江省
浙江艺术职业学院,463,浙江省
浙江药科职业大学,1775,浙江省
浙江警官职业学院,522,浙江省
浙江警察学院,1485,浙江省
浙江财经大学,645,浙江省
浙江财经大学东方学院,983,浙江省
浙江越秀外国语学院,1502,浙江省
浙江邮电职业技术学院,1727,浙江省
浙江金华科贸职业技术学院,1350,浙江省
浙江金融职业学院,545,浙江省
浙江长征职业技术学院,1099,浙江省
浙江音乐学院,1238,浙江省
淄博师范高等专科学校,1342,山东省
淄博职业技术大学,1597,山东省
淮北师范大学,232,安徽省
淮北理工学院,1439,安徽省
淮北职业技术学院,484,安徽省
淮南师范学院,317,安徽省
淮南职业技术学院,803,安徽省
淮南联合大学,1598,安徽省
淮阴工学院,219,江苏省
淮阴师范学院,229,江苏省
清华大学,1,北京市
渤海大学,178,辽宁省
渤海理工职业学院,1118,河北省
渤海石油职业学院,1415,河北省
渤海船舶职业学院,524,辽宁省
温州医科大学,409,浙江省
温州医科大学仁济学院,449,浙江省
温州商学院,638,浙江省
温州大学,94,浙江省
温州理工学院,306,浙江省
温州科技职业学院,582,浙江省
温州职业技术学院,559,浙江省
温州肯恩大学,605,浙江省
湄洲湾职业技术学院,1065,福建省
湖北三峡职业技术学院,901,湖北省
湖北三峡航空学院,1244,湖北省
湖北中医药大学,663,湖北省
湖北中医药高等专科学校,502,湖北省
湖北交通职业技术学院,838,湖北省
湖北医药学院,1793,湖北省
湖北医药学院药护学院,430,湖北省
湖北商贸学院,1366,湖北省
湖北城市建设职业技术学院,612,湖北省
湖北大学,95,湖北省
湖北大学知行学院,1230,湖北省
湖北工业大学,106,湖北省
湖北工业大学工程技术学院,1453,湖北省
湖北工业职业技术学院,767,湖北省
湖北工程学院,304,湖北省
湖北工程学院新技术学院,925,湖北省
湖北师范大学,238,湖北省
湖北师范大学文理学院,1133,湖北省
湖北恩施学院,419,湖北省
湖北文理学院,265,湖北省
湖北文理学院理工学院,1769,湖北省
湖北民族大学,1659,湖北省
湖北水利水电职业技术学院,1557,湖北省
湖北汽车工业学院,262,湖北省
湖北汽车工业学院科技学院,1652,湖北省
湖北理工学院,286,湖北省
湖北科技学院,272,湖北省
湖北第二师范学院,259,湖北省
湖北经济学院,964,湖北省
湖北经济学院法商学院,1029,湖北省
湖北美术学院,1135,湖北省
湖北职业技术学院,486,湖北省
湖北警官学院,1403,湖北省
湖北轻工职业技术学院,721,湖北省
湖州健康职业学院,1279,浙江省
湖州学院,333,浙江省
湖州师范学院,159,浙江省
湖州职业技术学院,421,浙江省
滁州城市职业学院,464,安徽省
滁州学院,282,安徽省
滁州职业技术学院,1411,安徽省
满洲里俄语职业学院,892,内蒙古自治区
滨州医学院,1113,山东省
滨州科技职业学院,969,山东省
滨州职业学院,1160,山东省
漯河医学高等专科学校,496,河南省
漯河职业技术学院,776,河南省
漯河食品工程职业大学,1187,河南省
漳州卫生职业学院,807,福建省
漳州城市职业学院,1353,福建省
漳州理工职业学院,1799,福建省
漳州科技职业学院,751,福建省
漳州职业技术学院,740,福建省
潍坊学院,268,山东省
潍坊工商职业学院,1167,山东省
潍坊工程职业学院,436,山东省
潍坊护理职业学院,1130,山东省
潍坊环境工程职业学院,510,山东省
潍坊理工学院,757,山东省
潍坊科技学院,932,山东省
潍坊职业学院,1783,山东省
潍坊食品科技职业学院,1278,山东省
潞安职业技术学院,1014,山西省
濮阳医学高等专科学校,624,河南省
濮阳石油化工职业技术学院,1149,河南省
濮阳科技职业学院,727,河南省
濮阳职业技术学院,984,河南省
炎黄职业技术学院,1032,江苏省
烟台南山学院,885,山东省
烟台卫生健康职业学院,934,山东省
烟台城市科技职业学院,648,山东省
烟台大学,139,山东省
烟台工程职业技术学院,1183,山东省
烟台幼儿师范高等专科学校,1138,山东省
烟台文化旅游职业学院,1619,山东省
烟台汽车工程职业学院,1341,山东省
烟台理工学院,1318,山东省
烟台科技学院,601,山东省
烟台职业学院,1305,山东省
烟台黄金职业学院,1520,山东省
焦作大学,1709,河南省
焦作工贸职业学院,898,河南省
焦作师范高等专科学校,1599,河南省
焦作新材料职业学院,1086,河南省
燕京理工学院,1272,河北省
燕山大学,82,河北省
燕山大学里仁学院,1634,河北省
牡丹江医科大学,1192,黑龙江省
牡丹江大学,1108,黑龙江省
牡丹江师范学院,300,黑龙江省
白城医学高等专科学校,1286,吉林省
白城师范学院,348,吉林省
白城职业技术学院,527,吉林省
皖北卫生职业学院,1767,安徽省
皖南医学院,1748,安徽省
皖江工学院,1571,安徽省
皖西卫生职业学院,700,安徽省
皖西学院,295,安徽省
盐城农业科技职业学院,1445,江苏省
盐城工业职业技术学院,750,江苏省
盐城工学院,216,江苏省
盐城师范学院,226,江苏省
盐城幼儿师范高等专科学校,507,江苏省
盘锦职业技术学院,809,辽宁省
石家庄人民医学高等专科学校,609,河北省
石家庄信息工程职业学院,837,河北省
石家庄农林职业学院,1443,河北省
石家庄医学高等专科学校,1128,河北省
石家庄城市经济职业学院,1322,河北省
石家庄学院,374,河北省
石家庄工商职业学院,842,河北省
石家庄工程职业学院,1336,河北省
石家庄幼儿师范高等专科学校,1124,河北省
石家庄理工职业学院,483,河北省
石家庄科技信息职业学院,571,河北省
石家庄科技职业学院,760,河北省
石家庄经济职业学院,498,河北省
石家庄职业技术学院,1590,河北省
石家庄财经职业学院,675,河北省
石家庄邮电职业技术学院,1325,河北省
石家庄金融职业学院,1246,河北省
石家庄铁路职业技术学院,1434,河北省
石家庄铁道大学,163,河北省
石家庄铁道大学四方学院,1026,河北省
硅湖职业技术学院,1039,江苏省
福州墨尔本理工职业学院,1625,福建省
福州外语外贸学院,525,福建省
福州大学,60,福建省
福州大学至诚学院,574,福建省
福州工商学院,471,福建省
福州理工学院,1313,福建省
福州科技职业技术学院,651,福建省
福州职业技术学院,633,福建省
福州英华职业学院,1721,福建省
福州软件职业技术学院,852,福建省
福州黎明职业技术学院,914,福建省
福建中医药大学,1761,福建省
福建体育职业技术学院,1218,福建省
福建信息职业技术学院,1306,福建省
福建农业职业技术学院,657,福建省
福建农林大学,91,福建省
福建农林大学金山学院,1635,福建省
福建医科大学,1447,福建省
福建华南女子职业学院,742,福建省
福建卫生职业技术学院,857,福建省
福建商学院,1270,福建省
福建师范大学,65,福建省
福建师范大学协和学院,404,福建省
福建幼儿师范高等专科学校,1303,福建省
福建技术师范学院,338,福建省
福建林业职业技术学院,503,福建省
福建水利电力职业技术学院,986,福建省
福建江夏学院,1197,福建省
福建理工大学,230,福建省
福建生物工程职业技术学院,1787,福建省
福建电力职业技术学院,881,福建省
福建福耀科技大学,707,福建省
福建船政交通职业学院,1518,福建省
福建艺术职业学院,666,福建省
福建警察学院,1216,福建省
科尔沁艺术职业学院,1640,内蒙古自治区
秦皇岛工业职业技术学院,1684,河北省
秦皇岛职业技术学院,1381,河北省
绍兴文理学院,196,浙江省
绍兴理工学院,616,浙江省
绍兴职业技术学院,1027,浙江省
绥化学院,362,黑龙江省
聊城大学,170,山东省
聊城大学东昌学院,644,山东省
聊城科技职业学院,904,山东省
聊城职业技术学院,1004,山东省
芜湖医药健康职业学院,1173,安徽省
芜湖学院,1630,安徽省
芜湖职业技术大学,818,安徽省
芜湖航空职业学院,1182,安徽省
苏州信息职业技术学院,596,江苏省
苏州健雄职业技术学院,764,江苏省
苏州农业职业技术学院,472,江苏省
苏州卫生职业技术学院,847,江苏省
苏州城市学院,364,江苏省
苏州大学,31,江苏省
苏州大学应用技术学院,1023,江苏省
苏州工业园区服务外包职业学院,555,江苏省
苏州工业园区职业技术学院,1391,江苏省
苏州工业职业技术学院,552,江苏省
苏州工学院,735,江苏省
苏州工艺美术职业技术学院,1337,江苏省
苏州幼儿师范高等专科学校,1231,江苏省
苏州托普信息职业技术学院,746,江苏省
苏州旅游职业学院,1522,江苏省
苏州百年职业学院,1024,江苏省
苏州科技大学,148,江苏省
苏州科技大学天平学院,549,江苏省
苏州经贸职业技术学院,1050,江苏省
苏州职业技术大学,883,江苏省
苏州高博职业学院,523,江苏省
荆州学院,791,湖北省
荆州理工职业学院,1562,湖北省
荆州职业技术学院,836,湖北省
荆楚理工学院,371,湖北省
莆田学院,284,福建省
莱芜职业技术学院,1774,山东省
菏泽医学专科学校,1148,山东省
菏泽学院,345,山东省
菏泽家政职业学院,1430,山东省
菏泽生物医药职业学院,966,山东省
菏泽职业学院,1401,山东省
萍乡卫生职业学院,1433,江西省
萍乡学院,340,江西省
营口理工学院,309,辽宁省
营口职业技术学院,1159,辽宁省
蚌埠医科大学,1753,安徽省
蚌埠城市轨道交通职业学院,1399,安徽省
蚌埠学院,356,安徽省
蚌埠工商学院,1251,安徽省
蚌埠经济技术职业学院,1608,安徽省
衡水健康科技职业学院,687,河北省
衡水学院,376,河北省
衡水职业技术学院,865,河北省
衢州学院,258,浙江省
衢州职业技术学院,1277,浙江省
襄阳职业技术学院,613,湖北省
西交利物浦大学,863,江苏省
西湖大学,780,浙江省
许昌学院,319,河南省
许昌电气职业学院,1109,河南省
许昌职业技术学院,762,河南省
许昌陶瓷职业学院,1561,河南省
豫北医学院,1789,河南省
豫章师范学院,380,江西省
赣东学院,377,江西省
赣东职业技术学院,1345,江西省
赣南医科大学,1627,江西省
赣南卫生健康职业学院,454,江西省
赣南师范大学,176,江西省
赣南师范大学科技学院,861,江西省
赣南科技学院,343,江西省
赣州师范高等专科学校,1722,江西省
赣州职业技术学院,1427,江西省
赣州起元职业学院,499,江西省
赣州远恒佳职业学院,1666,江西省
赣西科技职业学院,891,江西省
赤峰学院,316,内蒙古自治区
赤峰工业职业技术学院,1331,内蒙古自治区
赤峰应用技术职业学院,713,内蒙古自治区
赤峰职业技术学院,668,内蒙古自治区
辽东学院,330,辽宁省
辽宁中医药大学,1212,辽宁省
辽宁中医药大学杏林学院,495,辽宁省
辽宁传媒学院,1762,辽宁省
辽宁体育运动职业技术学院,688,辽宁省
辽宁何氏医学院,1317,辽宁省
辽宁农业职业技术学院,1712,辽宁省
辽宁冶金职业技术学院,1142,辽宁省
辽宁医药职业学院,1165,辽宁省
辽宁商贸职业学院,1307,辽宁省
辽宁地质工程职业学院,817,辽宁省
辽宁城市建设职业技术学院,681,辽宁省
辽宁大学,93,辽宁省
辽宁对外经贸学院,667,辽宁省
辽宁工业大学,213,辽宁省
辽宁工程技术大学,198,辽宁省
辽宁工程职业学院,1752,辽宁省
辽宁师范大学,126,辽宁省
辽宁师范大学海华学院,1129,辽宁省
辽宁师范高等专科学校,1281,辽宁省
辽宁广告职业学院,811,辽宁省
辽宁建筑职业学院,1248,辽宁省
辽宁政法职业学院,1464,辽宁省
辽宁机电职业技术学院,1249,辽宁省
辽宁民族师范高等专科学校,697,辽宁省
辽宁特殊教育师范高等专科学校,738,辽宁省
辽宁现代服务职业技术学院,585,辽宁省
辽宁理工学院,1689,辽宁省
辽宁理工职业大学,1747,辽宁省
辽宁生态工程职业学院,725,辽宁省
辽宁省交通高等专科学校,413,辽宁省
辽宁石化职业技术学院,1657,辽宁省
辽宁石油化工大学,185,辽宁省
辽宁科技大学,207,辽宁省
辽宁科技学院,332,辽宁省
辽宁税务高等专科学校,1010,辽宁省
辽宁经济职业技术学院,674,辽宁省
辽宁职业学院,1586,辽宁省
辽宁装备制造职业技术学院,1180,辽宁省
辽宁警察学院,820,辽宁省
辽宁财贸学院,1710,辽宁省
辽宁轨道交通职业学院,451,辽宁省
辽宁轻工职业学院,1574,辽宁省
辽宁金融职业学院,1389,辽宁省
辽宁铁道职业技术学院,902,辽宁省
辽河石油职业技术学院,997,辽宁省
辽源职业技术学院,1161,吉林省
辽阳职业技术学院,1119,辽宁省
运城学院,324,山西省
运城师范高等专科学校,661,山西省
运城幼儿师范高等专科学校,938,山西省
运城护理职业学院,739,山西省
运城职业技术大学,1785,山西省
连云港师范学院,1315,江苏省
连云港职业技术学院,1494,江苏省
通化医药健康职业学院,478,吉林省
通化师范学院,275,吉林省
通辽职业学院,679,内蒙古自治区
邢台医学院,431,河北省
邢台学院,388,河北省
邢台应用技术职业学院,573,河北省
邢台新能源职业学院,1600,河北省
邯郸学院,346,河北省
邯郸幼儿师范高等专科学校,1357,河北省
邯郸应用技术职业学院,1250,河北省
邯郸科技职业学院,655,河北省
邯郸职业技术学院,1650,河北省
郑州亚欧交通职业学院,514,河南省
郑州体育职业学院,867,河南省
郑州信息工程职业学院,759,河南省
郑州信息科技职业学院,1153,河南省
郑州健康学院,813,河南省
郑州医药健康职业学院,1194,河南省
郑州升达经贸管理学院,874,河南省
郑州卫生健康职业学院,950,河南省
郑州商学院,1760,河南省
郑州商贸旅游职业学院,520,河南省
郑州城市职业学院,1662,河南省
郑州城建职业学院,1492,河南省
郑州大学,38,河南省
郑州工业安全职业学院,1098,河南省
郑州工业应用技术学院,1368,河南省
郑州工商学院,1358,河南省
郑州工程技术学院,337,河南省
郑州师范学院,342,河南省
郑州幼儿师范高等专科学校,654,河南省
郑州旅游职业学院,619,河南省
郑州智能科技职业学院,670,河南省
郑州汽车工程职业学院,650,河南省
郑州理工职业学院,1682,河南省
郑州电力职业技术学院,911,河南省
郑州电力高等专科学校,1224,河南省
郑州电子信息职业技术学院,489,河南省
郑州电子商务职业学院,859,河南省
郑州科技学院,557,河南省
郑州经贸学院,434,河南省
郑州美术学院,488,河南省
郑州职业技术学院,1779,河南省
郑州航空工业管理学院,592,河南省
郑州西亚斯学院,1388,河南省
郑州警察学院,1788,河南省
郑州财税金融职业学院,1751,河南省
郑州财经学院,1304,河南省
郑州轨道工程职业学院,1780,河南省
郑州软件职业技术学院,1314,河南省
郑州轻工业大学,182,河南省
郑州铁路职业技术学院,939,河南省
郑州食品工程职业学院,1784,河南省
郑州黄河护理职业学院,429,河南省
鄂尔多斯应用技术学院,359,内蒙古自治区
鄂尔多斯生态环境职业学院,610,内蒙古自治区
鄂尔多斯职业学院,1219,内蒙古自治区
鄂州职业大学,1528,湖北省
金华职业技术大学,1729,浙江省
金山职业技术学院,1000,江苏省
金肯职业技术学院,848,江苏省
金陵科技学院,257,江苏省
钟山职业技术学院,1532,江苏省
铁岭卫生职业学院,1455,辽宁省
铁岭师范高等专科学校,722,辽宁省
铜陵学院,1740,安徽省
铜陵职业技术学院,910,安徽省
锡林郭勒职业学院,839,内蒙古自治区
锦州医科大学,979,辽宁省
锦州医科大学医疗学院,1122,辽宁省
锦州师范高等专科学校,1157,辽宁省
镇江市高等专科学校,1451,江苏省
长垣烹饪职业技术学院,1637,河南省
长春东方职业学院,1073,吉林省
长春中医药大学,835,吉林省
长春人文学院,411,吉林省
长春信息技术职业学院,1698,吉林省
长春健康职业学院,518,吉林省
长春光华学院,1273,吉林省
长春医学高等专科学校,787,吉林省
长春大学,253,吉林省
长春大学旅游学院,754,吉林省
长春工业大学,177,吉林省
长春工业大学人文信息学院,825,吉林省
长春工程学院,254,吉林省
长春师范大学,225,吉林省
长春师范高等专科学校,427,吉林省
长春建筑学院,1081,吉林省
长春数字科技职业学院,1776,吉林省
长春早期教育职业学院,1575,吉林省
长春汽车职业技术大学,802,吉林省
长春理工大学,96,吉林省
长春电子科技学院,1470,吉林省
长春科技学院,1566,吉林省
长春职业技术大学,1028,吉林省
长春财经学院,1092,吉林省
长春金融高等专科学校,428,吉林省
长江大学,137,湖北省
长江大学文理学院,692,湖北省
长江职业学院,547,湖北省
长治医学院,849,山西省
长治学院,303,山西省
长治幼儿师范高等专科学校,680,山西省
长治职业技术学院,1631,山西省
长白山职业技术学院,962,吉林省
闽北职业技术学院,998,福建省
闽南师范大学,228,福建省
闽南理工学院,1601,福建省
闽南科技学院,1656,福建省
闽江学院,212,福建省
闽江师范高等专科学校,1454,福建省
闽西职业技术学院,1758,福建省
阜新高等专科学校,1134,辽宁省
阜阳师范大学,279,安徽省
阜阳幼儿师范高等专科学校,1714,安徽省
阜阳理工学院,864,安徽省
阜阳科技职业学院,1031,安徽省
阜阳职业技术学院,706,安徽省
防灾科技学院,271,河北省
阳光学院,711,福建省
阳泉师范高等专科学校,1223,山西省
阳泉职业技术学院,1792,山西省
阿拉善职业技术学院,737,内蒙古自治区
随州职业技术学院,1344,湖北省
集宁师范学院,357,内蒙古自治区
集美大学,125,福建省
集美大学诚毅学院,1360,福建省
集美工业职业学院,1296,福建省
青岛农业大学,157,山东省
青岛农业大学海都学院,1602,山东省
青岛城市学院,922,山东省
青岛大学,80,山东省
青岛工学院,652,山东省
青岛工程职业学院,504,山东省
青岛幼儿师范高等专科学校,1066,山东省
青岛恒星科技学院,796,山东省
青岛求实职业技术学院,1542,山东省
青岛港湾职业技术学院,584,山东省
青岛滨海学院,1692,山东省
青岛理工大学,152,山东省
青岛电影学院,435,山东省
青岛科技大学,119,山东省
青岛职业技术学院,649,山东省
青岛航空科技职业学院,1661,山东省
青岛远洋船员职业学院,1700,山东省
青岛酒店管理职业技术学院,1205,山东省
青岛飞洋职业技术学院,1465,山东省
青岛黄海学院,1018,山东省
鞍山师范学院,314,辽宁省
鞍山职业技术学院,1297,辽宁省
首都体育学院,871,北京市
首都医科大学,1275,北京市
首都师范大学,68,北京市
首都师范大学科德学院,1735,北京市
首都经济贸易大学,1047,北京市
首钢工学院,1045,北京市
马鞍山学院,1556,安徽省
马鞍山师范高等专科学校,1155,安徽省
马鞍山职业技术学院,534,安徽省
驻马店农业工程职业学院,529,河南省
驻马店幼儿师范高等专科学校,1626,河南省
驻马店职业技术学院,1766,河南省
鲁东大学,167,山东省
鲁迅美术学院,506,辽宁省
鹤壁汽车工程职业学院,586,河南省
鹤壁职业技术学院,1423,河南省
鹤壁能源化工职业学院,1209,河南省
鹤岗师范高等专科学校,423,黑龙江省
鹰潭卫生职业学院,1364,江西省
鹰潭职业技术学院,642,江西省
黄冈师范学院,252,湖北省
黄冈职业技术学院,823,湖北省
黄山健康职业学院,418,安徽省
黄山学院,327,安徽省
黄山职业技术学院,1117,安徽省
黄河交通学院,1573,河南省
黄河水利职业技术大学,1507,河南省
黄河科技学院,1365,河南省
黄淮学院,302,河南省
黎明职业大学,1731,福建省
黑河学院,369,黑龙江省
黑龙江三江美术职业学院,1537,黑龙江省
黑龙江东方学院,608,黑龙江省
黑龙江中医药大学,1280,黑龙江省
黑龙江交通职业技术学院,1435,黑龙江省
黑龙江八一农垦大学,205,黑龙江省
黑龙江公安警官职业学院,658,黑龙江省
黑龙江农业工程职业学院,1802,黑龙江省
黑龙江农业经济职业学院,1291,黑龙江省
黑龙江农业职业技术学院,773,黑龙江省
黑龙江农垦职业学院,1428,黑龙江省
黑龙江冰雪体育职业学院,1328,黑龙江省
黑龙江司法警官职业学院,626,黑龙江省
黑龙江商业职业学院,1261,黑龙江省
黑龙江外国语学院,747,黑龙江省
黑龙江大学,113,黑龙江省
黑龙江工业学院,383,黑龙江省
黑龙江工商学院,1540,黑龙江省
黑龙江工程学院,292,黑龙江省
黑龙江工程学院昆仑旅游学院,1777,黑龙江省
黑龙江幼儿师范高等专科学校,567,黑龙江省
黑龙江建筑职业技术学院,1592,黑龙江省
黑龙江护理高等专科学校,1477,黑龙江省
黑龙江旅游职业技术学院,1462,黑龙江省
黑龙江林业职业技术学院,1595,黑龙江省
黑龙江民族职业学院,440,黑龙江省
黑龙江生态工程职业学院,1176,黑龙江省
黑龙江科技大学,270,黑龙江省
黑龙江职业学院,1115,黑龙江省
黑龙江能源职业学院,937,黑龙江省
黑龙江艺术职业学院,1548,黑龙江省
黑龙江财经学院,1016,黑龙江省
齐鲁医药学院,1393,山东省
齐鲁工业大学,102,山东省
齐鲁师范学院,296,山东省
齐鲁理工学院,600,山东省
齐齐哈尔医学院,551,黑龙江省
齐齐哈尔大学,260,黑龙江省
齐齐哈尔工程学院,970,黑龙江省
齐齐哈尔理工职业学院,1169,黑龙江省
齐齐哈尔立德健康职业学院,1607,黑龙江省
齐齐哈尔高等师范专科学校,637,黑龙江省
龙岩学院,273,福建省
